Timestamp,Game,Market,Player,Side,Line,Bookmaker,Odds,True Prob %,Edge %,Kelly Units,Bet Amount
2026-10-01 13:37:54,Indiana Fever @ Las Vegas Aces,Assists,Jackie Young,Under,6.5,DraftKings,-114,53.8,0.98,0.56,13.90
2026-10-01 13:37:54,Indiana Fever @ Las Vegas Aces,Points,Caitlin Clark,Over,22.5,DraftKings,-111,52.6,0.08,0.04,1.06
2026-10-01 13:37:54,Indiana Fever @ Las Vegas Aces,Assists,Jackie Young,Under,6.5,Novig,-115,53.8,0.57,0.33,8.13
2026-10-01 13:37:54,Indiana Fever @ Las Vegas Aces,Assists,Caitlin Clark,Under,9.5,Novig,-125,55.9,0.54,0.33,8.37
2026-10-01 13:37:55,Indiana Fever @ Las Vegas Aces,Points,Aliyah Boston,Over,15.5,Novig,-115,54.0,0.88,0.50,12.61
2026-10-01 13:37:55,Indiana Fever @ Las Vegas Aces,Points Rebounds Assists,Chelsea Gray,Under,22.5,Novig,+100,50.4,0.80,0.40,9.98
2026-10-01 13:37:56,Indiana Fever @ Las Vegas Aces,Rebounds,Jackie Young,Under,4.5,Novig,-115,53.8,0.57,0.33,8.13
2026-10-01 13:37:56,Indiana Fever @ Las Vegas Aces,Rebounds,Raven Johnson,Over,2.5,Novig,+144,42.1,2.84,0.99,24.63
2026-10-01 13:37:56,Indiana Fever @ Las Vegas Aces,Rebounds,Aliyah Boston,Under,7.5,Novig,+147,43.7,7.82,2.66,66.52
2026-10-01 13:48:59,Pittsburgh Steelers @ Cleveland Browns,Reception Yds,Jerry Jeudy,Under,13.5,Novig,+102,50.0,1.00,0.49,12.25
2026-10-01 13:48:59,Pittsburgh Steelers @ Cleveland Browns,Receptions,Denzel Boston,Over,2.5,Novig,-133,57.2,0.16,0.11,2.70
2026-10-01 13:49:00,Pittsburgh Steelers @ Cleveland Browns,Receptions,DK Metcalf,Over,3.5,Novig,-117,55.1,2.21,1.29,32.29
2026-10-01 13:49:00,Pittsburgh Steelers @ Cleveland Browns,Receptions,Roman Wilson,Over,2.5,Novig,+160,39.9,3.82,1.19,29.86
2026-10-01 13:49:00,Pittsburgh Steelers @ Cleveland Browns,Receptions,Harold Fannin Jr.,Under,4.5,Novig,-115,54.6,2.04,1.17,29.33
2026-10-01 13:49:00,Pittsburgh Steelers @ Cleveland Browns,Receptions,Jerry Jeudy,Under,1.5,Novig,-130,58.3,3.14,2.04,51.03
2026-10-01 13:49:01,Pittsburgh Steelers @ Cleveland Browns,Receptions,Darnell Washington,Over,1.5,Novig,-153,62.9,3.97,3.04,76.00
2026-10-01 13:49:01,Pittsburgh Steelers @ Cleveland Browns,Receptions,Jaylen Warren,Under,3.5,Novig,+100,51.4,2.84,1.42,35.46
2026-10-01 13:49:02,Pittsburgh Steelers @ Cleveland Browns,Receptions,Pat Freiermuth,Under,3.5,Novig,-144,59.4,0.58,0.42,10.46
2026-10-01 13:49:02,Pittsburgh Steelers @ Cleveland Browns,Rush Yds,Quinshon Judkins,Under,55.5,Novig,+102,50.0,1.00,0.49,12.25
2026-10-01 13:49:02,Pittsburgh Steelers @ Cleveland Browns,Rush Yds,Deshaun Watson,Over,29.5,Novig,+102,50.0,1.00,0.49,12.25
2026-10-01 13:49:03,Pittsburgh Steelers @ Cleveland Browns,Rush Yds,KC Concepcion,Over,0.5,Novig,+115,46.7,0.39,0.17,4.19
2026-10-01 13:49:03,Pittsburgh Steelers @ Cleveland Browns,Receptions,Germie Bernard,Over,1.5,theScore Bet,+180,36.8,2.92,0.81,20.26
2026-10-01 13:49:04,Pittsburgh Steelers @ Cleveland Browns,Receptions,Jerry Jeudy,Under,1.5,theScore Bet,-130,58.3,3.14,2.04,51.03
